feature,importance
temporal_betweenness,0.819131142822855
constraint,0.050742144418325925
homophily_ratio,0.0470454528226683
effective_size,0.03532654724567292
out_degree,0.024758947851425142
in_degree,0.02299576483905262
